player,team1,team2,team,Our Score
AS Yadav,MI,CSK,MI,24
AT Rayudu,MI,CSK,CSK,29
DL Chahar,MI,CSK,CSK,22
F du Plessis,MI,CSK,CSK,32
HH Pandya,MI,CSK,MI,33
JJ Bumrah,MI,CSK,MI,27
JL Pattinson,MI,CSK,MI,26
KA Pollard,MI,CSK,MI,34
KH Pandya,MI,CSK,MI,28
L Ngidi,MI,CSK,CSK,25
M Vijay,MI,CSK,CSK,29
MK Pandey,MI,CSK,SRH,29
MS Dhoni,MI,CSK,CSK,33
PP Chawla,MI,CSK,CSK,28
Q de Kock,MI,CSK,MI,37
RA Jadeja,MI,CSK,CSK,31
RD Chahar,MI,CSK,MI,26
RG Sharma,MI,CSK,MI,38
S Curran,MI,CSK,CSK,29
SR Watson,MI,CSK,CSK,51
SS Tiwary,MI,CSK,MI,24
TA Boult,MI,CSK,MI,23
AR Patel,DC,KXIP,DC,33
Ankit Sharma,DC,KXIP,DC,16
Anrich Nortje,DC,KXIP,DC,16
CJ Jordan,DC,KXIP,KXIP,28
Cottrell,DC,KXIP,KXIP,35
GJ Maxwell,DC,KXIP,KXIP,36
K Gowtham,DC,KXIP,KXIP,30
K Rabada,DC,KXIP,DC,27
KK Nair,DC,KXIP,KXIP,32
KL Rahul,DC,KXIP,KXIP,47
MA Agarwal,DC,KXIP,KXIP,25
MP Stoinis,DC,KXIP,DC,37
Mohammed Shami,DC,KXIP,KXIP,26
N Pooran,DC,KXIP,KXIP,41
P Shaw,DC,KXIP,DC,27
R Ashwin,DC,KXIP,DC,25
RR Pant,DC,KXIP,DC,41
Ravi Bishnoi,DC,KXIP,KXIP,31
S Dhawan,DC,KXIP,DC,37
S Hetmyer,DC,KXIP,DC,33
SN Khan,DC,KXIP,KXIP,25
SS Iyer,DC,KXIP,DC,38
nan,DC,KXIP,MI,29
AJ Finch,KKR,RCB,RCB,31
CH Morris,KKR,RCB,RCB,34
CV Varun,KKR,RCB,KKR,34
D Padikkal,KKR,RCB,RCB,26
EJG Morgan,KKR,RCB,KKR,31
Gurkeerat Singh,KKR,RCB,RCB,17
I Udana,KKR,RCB,RCB,20
KD Karthik,KKR,RCB,KKR,30
Kuldeep Yadav,KKR,RCB,KKR,24
L Ferguson,KKR,RCB,KKR,25
Mohammed Siraj,KKR,RCB,RCB,25
N Rana,KKR,RCB,KKR,40
N Saini,KKR,RCB,RCB,26
PJ Cummins,KKR,RCB,KKR,29
Prasidh Krishna,KKR,RCB,KKR,19
RA Tripathi,KKR,RCB,KKR,29
Shubman Gill,KKR,RCB,KKR,34
T Banton,KKR,RCB,KKR,26
V Kohli,KKR,RCB,RCB,41
Washington Sundar,KKR,RCB,RCB,23
YS Chahal,KKR,RCB,RCB,28
DA Warner,SRH,MI,SRH,51
DS Kulkarni,SRH,MI,SRH,23
HH Pandya,SRH,MI,MI,34
Ishan Kishan,SRH,MI,MI,29
JL Pattinson,SRH,MI,MI,27
JO Holder,SRH,MI,SRH,30
KA Pollard,SRH,MI,MI,35
NM Coulter-Nile,SRH,MI,MI,35
Q de Kock,SRH,MI,MI,38
RD Chahar,SRH,MI,MI,27
RG Sharma,SRH,MI,MI,39
Rashid Khan,SRH,MI,SRH,30
S Nadeem,SRH,MI,SRH,21
SA Yadav,SRH,MI,MI,14
SS Tiwary,SRH,MI,MI,25
Sandeep Sharma,SRH,MI,SRH,34
T Natarajan,SRH,MI,SRH,26
WP Saha,SRH,MI,SRH,25
DL Chahar,RR,CSK,CSK,23
F du Plessis,RR,CSK,CSK,33
J Archer,RR,CSK,RR,36
JD Unadkat,RR,CSK,RR,29
KM Jadhav,RR,CSK,CSK,20
L Ngidi,RR,CSK,CSK,25
M Vijay,RR,CSK,CSK,30
MS Dhoni,RR,CSK,CSK,33
PP Chawla,RR,CSK,CSK,28
R Parag,RR,CSK,RR,35
R Tewatia,RR,CSK,RR,26
RA Jadeja,RR,CSK,CSK,32
RV Uthappa,RR,CSK,RR,32
S Curran,RR,CSK,CSK,29
S Gopal,RR,CSK,RR,34
SPD Smith,RR,CSK,RR,35
SR Watson,RR,CSK,CSK,52
SV Samson,RR,CSK,RR,32
T Curran,RR,CSK,RR,26
YBK Jaiswal,RR,CSK,RR,25
AM Rahane,KKR,DC,DC,35
Anrich Nortje,KKR,DC,DC,14
CV Varun,KKR,DC,KKR,34
Carey,KKR,DC,DC,31
Deshpande,KKR,DC,DC,27
EJG Morgan,KKR,DC,KKR,31
HV Patel,KKR,DC,DC,30
K Rabada,KKR,DC,DC,26
KD Karthik,KKR,DC,KKR,30
KL Nagarkoti,KKR,DC,KKR,31
L Ferguson,KKR,DC,KKR,26
MP Stoinis,KKR,DC,DC,35
N Rana,KKR,DC,KKR,40
PJ Cummins,KKR,DC,KKR,29
Prasidh Krishna,KKR,DC,KKR,19
R Ashwin,KKR,DC,DC,24
RA Tripathi,KKR,DC,KKR,30
RR Pant,KKR,DC,DC,39
S Dhawan,KKR,DC,DC,36
S Hetmyer,KKR,DC,DC,32
SP Narine,KKR,DC,KKR,40
SS Iyer,KKR,DC,DC,37
Shubman Gill,KKR,DC,KKR,34
Abdul Samad,KXIP,SRH,SRH,18
Arshdeep Singh,KXIP,SRH,KXIP,33
CH Gayle,KXIP,SRH,KXIP,54
CJ Jordan,KXIP,SRH,KXIP,26
DA Warner,KXIP,SRH,SRH,51
DJ Hooda,KXIP,SRH,KXIP,14
GJ Maxwell,KXIP,SRH,KXIP,35
J Bairstow,KXIP,SRH,SRH,37
JO Holder,KXIP,SRH,SRH,30
K Ahmed,KXIP,SRH,SRH,33
KL Rahul,KXIP,SRH,KXIP,45
M Ashwin,KXIP,SRH,KXIP,14
MK Pandey,KXIP,SRH,SRH,31
Mandeep Singh,KXIP,SRH,KXIP,23
Mohammed Shami,KXIP,SRH,KXIP,25
N Pooran,KXIP,SRH,KXIP,39
Priyam Garg,KXIP,SRH,SRH,20
Rashid Khan,KXIP,SRH,SRH,31
Ravi Bishnoi,KXIP,SRH,KXIP,29
Sandeep Sharma,KXIP,SRH,SRH,34
T Natarajan,KXIP,SRH,SRH,27
V Shankar,KXIP,SRH,SRH,28
AB de Villiers,MI,RCB,RCB,44
AS Yadav,MI,RCB,MI,25
CH Morris,MI,RCB,RCB,34
D Padikkal,MI,RCB,RCB,26
DW Steyn,MI,RCB,RCB,29
Gurkeerat Singh,MI,RCB,RCB,18
HH Pandya,MI,RCB,MI,35
Ishan Kishan,MI,RCB,MI,29
JJ Bumrah,MI,RCB,MI,29
JL Pattinson,MI,RCB,MI,28
KA Pollard,MI,RCB,MI,36
KH Pandya,MI,RCB,MI,28
Mohammed Siraj,MI,RCB,RCB,25
Philippe,MI,RCB,RCB,17
Q de Kock,MI,RCB,MI,39
RD Chahar,MI,RCB,MI,27
S Dube,MI,RCB,RCB,14
SS Tiwary,MI,RCB,MI,25
TA Boult,MI,RCB,MI,24
V Kohli,MI,RCB,RCB,41
Washington Sundar,MI,RCB,RCB,23
YS Chahal,MI,RCB,RCB,28
AJ Tye,RR,DC,DC,31
AR Patel,RR,DC,DC,32
Anrich Nortje,RR,DC,DC,15
HV Patel,RR,DC,DC,31
J Archer,RR,DC,RR,38
JC Buttler,RR,DC,RR,42
K Rabada,RR,DC,DC,27
Kartik Tyagi,RR,DC,RR,35
M Lomror,RR,DC,RR,21
MP Stoinis,RR,DC,DC,36
P Shaw,RR,DC,DC,26
R Ashwin,RR,DC,DC,25
R Tewatia,RR,DC,RR,28
RR Pant,RR,DC,DC,40
S Dhawan,RR,DC,DC,37
S Gopal,RR,DC,RR,36
S Hetmyer,RR,DC,DC,32
SPD Smith,RR,DC,RR,37
SS Iyer,RR,DC,DC,38
SV Samson,RR,DC,RR,34
VR Aaron,RR,DC,RR,29
YBK Jaiswal,RR,DC,RR,27
AD Russell,KKR,CSK,KKR,53
AT Rayudu,KKR,CSK,CSK,29
CV Varun,KKR,CSK,KKR,32
DJ Bravo,KKR,CSK,CSK,44
DL Chahar,KKR,CSK,CSK,22
EJG Morgan,KKR,CSK,KKR,29
F du Plessis,KKR,CSK,CSK,32
KD Karthik,KKR,CSK,KKR,29
KL Nagarkoti,KKR,CSK,KKR,29
KM Jadhav,KKR,CSK,CSK,19
KV Sharma,KKR,CSK,CSK,25
MS Dhoni,KKR,CSK,CSK,32
N Rana,KKR,CSK,KKR,38
PJ Cummins,KKR,CSK,KKR,28
RA Jadeja,KKR,CSK,CSK,31
RA Tripathi,KKR,CSK,KKR,28
S Curran,KKR,CSK,CSK,28
SN Thakur,KKR,CSK,CSK,23
SP Narine,KKR,CSK,KKR,38
SR Watson,KKR,CSK,CSK,51
Shivam Mavi,KKR,CSK,KKR,32
Shubman Gill,KKR,CSK,KKR,32
AB de Villiers,RCB,SRH,RCB,43
Abhishek Sharma,RCB,SRH,SRH,16
CH Morris,RCB,SRH,RCB,33
D Padikkal,RCB,SRH,RCB,25
DA Warner,RCB,SRH,SRH,50
Gurkeerat Singh,RCB,SRH,RCB,16
I Udana,RCB,SRH,RCB,19
JO Holder,RCB,SRH,SRH,29
KS Williamson,RCB,SRH,SRH,41
MK Pandey,RCB,SRH,SRH,29
Mohammed Siraj,RCB,SRH,RCB,24
N Saini,RCB,SRH,RCB,25
Philippe,RCB,SRH,RCB,16
Priyam Garg,RCB,SRH,SRH,18
Rashid Khan,RCB,SRH,SRH,29
S Nadeem,RCB,SRH,SRH,20
Sandeep Sharma,RCB,SRH,SRH,33
T Natarajan,RCB,SRH,SRH,25
V Kohli,RCB,SRH,RCB,40
WP Saha,RCB,SRH,SRH,25
Washington Sundar,RCB,SRH,RCB,22
YS Chahal,RCB,SRH,RCB,27
AS Yadav,KXIP,MI,MI,26
Cottrell,KXIP,MI,KXIP,34
GJ Maxwell,KXIP,MI,KXIP,35
HH Pandya,KXIP,MI,MI,35
Ishan Kishan,KXIP,MI,MI,30
JDS Neesham,KXIP,MI,KXIP,29
JJ Bumrah,KXIP,MI,MI,29
JL Pattinson,KXIP,MI,MI,28
K Gowtham,KXIP,MI,KXIP,28
KA Pollard,KXIP,MI,MI,36
KK Nair,KXIP,MI,KXIP,31
KL Rahul,KXIP,MI,KXIP,46
MA Agarwal,KXIP,MI,KXIP,24
MK Pandey,KXIP,MI,SRH,31
Mohammed Shami,KXIP,MI,KXIP,25
N Pooran,KXIP,MI,KXIP,40
Q de Kock,KXIP,MI,MI,39
RD Chahar,KXIP,MI,MI,28
RG Sharma,KXIP,MI,MI,40
Ravi Bishnoi,KXIP,MI,KXIP,30
SN Khan,KXIP,MI,KXIP,23
TA Boult,KXIP,MI,MI,25
AD Russell,RR,KKR,KKR,54
AS Rajpoot,RR,KKR,RR,27
CV Varun,RR,KKR,KKR,33
EJG Morgan,RR,KKR,KKR,30
J Archer,RR,KKR,RR,35
JC Buttler,RR,KKR,RR,40
JD Unadkat,RR,KKR,RR,29
KD Karthik,RR,KKR,KKR,29
KL Nagarkoti,RR,KKR,KKR,30
Kuldeep Yadav,RR,KKR,KKR,23
N Rana,RR,KKR,KKR,39
PJ Cummins,RR,KKR,KKR,28
R Parag,RR,KKR,RR,34
R Tewatia,RR,KKR,RR,26
RV Uthappa,RR,KKR,RR,31
S Gopal,RR,KKR,RR,34
SP Narine,RR,KKR,KKR,38
SPD Smith,RR,KKR,RR,35
SV Samson,RR,KKR,RR,32
Shivam Mavi,RR,KKR,KKR,33
Shubman Gill,RR,KKR,KKR,33
T Curran,RR,KKR,RR,25
AB de Villiers,DC,RCB,RCB,45
AM Rahane,DC,RCB,DC,34
AR Patel,DC,RCB,DC,32
Anrich Nortje,DC,RCB,DC,14
CH Morris,DC,RCB,RCB,34
D Padikkal,DC,RCB,RCB,26
I Udana,DC,RCB,RCB,20
K Rabada,DC,RCB,DC,26
MP Stoinis,DC,RCB,DC,35
Mohammed Siraj,DC,RCB,RCB,25
P Shaw,DC,RCB,DC,25
Philippe,DC,RCB,RCB,18
R Ashwin,DC,RCB,DC,24
RR Pant,DC,RCB,DC,39
S Dhawan,DC,RCB,DC,36
S Dube,DC,RCB,RCB,15
SS Iyer,DC,RCB,DC,37
SV Samson,DC,RCB,RR,33
Shahbaz Ahmed,DC,RCB,DC,31
Shahbaz Ahmed ,DC,RCB,RCB,32
V Kohli,DC,RCB,RCB,42
Washington Sundar,DC,RCB,RCB,24
YS Chahal,DC,RCB,RCB,28
AT Rayudu,CSK,KXIP,CSK,31
CH Gayle,CSK,KXIP,KXIP,54
CJ Jordan,CSK,KXIP,KXIP,26
DJ Hooda,CSK,KXIP,KXIP,14
DL Chahar,CSK,KXIP,CSK,24
F du Plessis,CSK,KXIP,CSK,33
Imran Tahir,CSK,KXIP,CSK,35
JDS Neesham,CSK,KXIP,KXIP,29
KL Rahul,CSK,KXIP,KXIP,45
L Ngidi,CSK,KXIP,CSK,26
M Ashwin,CSK,KXIP,KXIP,14
MA Agarwal,CSK,KXIP,KXIP,23
Mandeep Singh,CSK,KXIP,KXIP,23
Mohammed Shami,CSK,KXIP,KXIP,25
N Pooran,CSK,KXIP,KXIP,39
RA Jadeja,CSK,KXIP,CSK,32
RD Gaikwad,CSK,KXIP,CSK,30
Ravi Bishnoi,CSK,KXIP,KXIP,29
S Curran,CSK,KXIP,CSK,30
SN Thakur,CSK,KXIP,CSK,24
Abhishek Sharma,SRH,RR,SRH,18
BA Stokes,SRH,RR,RR,37
DA Warner,SRH,RR,SRH,51
J Archer,SRH,RR,RR,37
J Bairstow,SRH,RR,SRH,37
JC Buttler,SRH,RR,RR,41
JD Unadkat,SRH,RR,RR,30
K Ahmed,SRH,RR,SRH,33
KS Williamson,SRH,RR,SRH,42
Kartik Tyagi,SRH,RR,RR,34
MK Pandey,SRH,RR,SRH,31
Priyam Garg,SRH,RR,SRH,20
R Parag,SRH,RR,RR,35
R Tewatia,SRH,RR,RR,27
RV Uthappa,SRH,RR,RR,32
Rashid Khan,SRH,RR,SRH,31
S Gopal,SRH,RR,RR,35
SPD Smith,SRH,RR,RR,36
SV Samson,SRH,RR,RR,33
Sandeep Sharma,SRH,RR,SRH,34
T Natarajan,SRH,RR,SRH,27
V Shankar,SRH,RR,SRH,28
AD Russell,KKR,MI,KKR,54
AS Yadav,KKR,MI,MI,24
EJG Morgan,KKR,MI,KKR,30
HH Pandya,KKR,MI,MI,34
JJ Bumrah,KKR,MI,MI,28
JL Pattinson,KKR,MI,MI,27
KA Pollard,KKR,MI,MI,35
KD Karthik,KKR,MI,KKR,29
KH Pandya,KKR,MI,MI,27
Kuldeep Yadav,KKR,MI,KKR,23
MK Pandey,KKR,MI,SRH,30
N Naik,KKR,MI,KKR,25
N Rana,KKR,MI,KKR,39
PJ Cummins,KKR,MI,KKR,28
Q de Kock,KKR,MI,MI,38
RD Chahar,KKR,MI,MI,26
RG Sharma,KKR,MI,MI,38
SP Narine,KKR,MI,KKR,38
SS Tiwary,KKR,MI,MI,24
Sandeep Warrier,KKR,MI,KKR,32
Shivam Mavi,KKR,MI,KKR,33
Shubman Gill,KKR,MI,KKR,33
TA Boult,KKR,MI,MI,23
AM Rahane,DC,CSK,DC,33
AT Rayudu,DC,CSK,CSK,30
Anrich Nortje,DC,CSK,DC,13
Carey,DC,CSK,DC,30
DJ Bravo,DC,CSK,CSK,44
DL Chahar,DC,CSK,CSK,22
Deshpande,DC,CSK,DC,26
F du Plessis,DC,CSK,CSK,32
HV Patel,DC,CSK,DC,29
K Rabada,DC,CSK,DC,25
KV Sharma,DC,CSK,CSK,25
MP Stoinis,DC,CSK,DC,34
MS Dhoni,DC,CSK,CSK,33
P Shaw,DC,CSK,DC,24
R Ashwin,DC,CSK,DC,22
RA Jadeja,DC,CSK,CSK,31
S Curran,DC,CSK,CSK,29
S Dhawan,DC,CSK,DC,35
SN Thakur,DC,CSK,CSK,23
SR Watson,DC,CSK,CSK,52
SS Iyer,DC,CSK,DC,35
AB de Villiers,KXIP,RCB,RCB,46
AJ Finch,KXIP,RCB,RCB,32
Cottrell,KXIP,RCB,KXIP,35
D Padikkal,KXIP,RCB,RCB,27
DW Steyn,KXIP,RCB,RCB,30
GJ Maxwell,KXIP,RCB,KXIP,36
JDS Neesham,KXIP,RCB,KXIP,30
KK Nair,KXIP,RCB,KXIP,32
KL Rahul,KXIP,RCB,KXIP,47
M Ashwin,KXIP,RCB,KXIP,16
MA Agarwal,KXIP,RCB,KXIP,25
Mohammed Shami,KXIP,RCB,KXIP,26
N Pooran,KXIP,RCB,KXIP,40
N Saini,KXIP,RCB,RCB,28
Philippe,KXIP,RCB,RCB,19
Ravi Bishnoi,KXIP,RCB,KXIP,31
S Dube,KXIP,RCB,RCB,16
UT Yadav,KXIP,RCB,RCB,29
V Kohli,KXIP,RCB,RCB,43
Washington Sundar,KXIP,RCB,RCB,25
YS Chahal,KXIP,RCB,RCB,29
AS Rajpoot,MI,RR,RR,27
AS Yadav,MI,RR,MI,25
HH Pandya,MI,RR,MI,34
J Archer,MI,RR,RR,36
JC Buttler,MI,RR,RR,41
JJ Bumrah,MI,RR,MI,28
JL Pattinson,MI,RR,MI,27
KA Pollard,MI,RR,MI,36
KH Pandya,MI,RR,MI,25
Kartik Tyagi,MI,RR,RR,34
M Lomror,MI,RR,RR,19
MK Pandey,MI,RR,SRH,30
Q de Kock,MI,RR,MI,38
R Tewatia,MI,RR,RR,26
RD Chahar,MI,RR,MI,27
RG Sharma,MI,RR,MI,39
S Gopal,MI,RR,RR,34
SPD Smith,MI,RR,RR,35
SV Samson,MI,RR,RR,33
T Curran,MI,RR,RR,26
TA Boult,MI,RR,MI,24
YBK Jaiswal,MI,RR,RR,26
AD Russell,SRH,KKR,KKR,53
Abdul Samad,SRH,KKR,SRH,16
Basil Thampi,SRH,KKR,SRH,27
CV Varun,SRH,KKR,KKR,32
DA Warner,SRH,KKR,SRH,50
EJG Morgan,SRH,KKR,KKR,29
J Bairstow,SRH,KKR,SRH,35
KD Karthik,SRH,KKR,KKR,29
KS Williamson,SRH,KKR,SRH,41
Kuldeep Yadav,SRH,KKR,KKR,23
L Ferguson,SRH,KKR,KKR,24
MK Pandey,SRH,KKR,SRH,29
N Rana,SRH,KKR,KKR,38
PJ Cummins,SRH,KKR,KKR,28
Priyam Garg,SRH,KKR,SRH,18
RA Tripathi,SRH,KKR,KKR,28
Rashid Khan,SRH,KKR,SRH,29
Sandeep Sharma,SRH,KKR,SRH,33
Shivam Mavi,SRH,KKR,KKR,33
Shubman Gill,SRH,KKR,KKR,33
T Natarajan,SRH,KKR,SRH,25
V Shankar,SRH,KKR,SRH,26
nan,SRH,KKR,MI,26
CJ Jordan,KXIP,CSK,KXIP,26
Cottrell,KXIP,CSK,KXIP,33
DJ Bravo,KXIP,CSK,CSK,45
DL Chahar,KXIP,CSK,CSK,24
F du Plessis,KXIP,CSK,CSK,33
GJ Maxwell,KXIP,CSK,KXIP,34
Harpreet Singh,KXIP,CSK,CSK,25
KL Rahul,KXIP,CSK,KXIP,45
MA Agarwal,KXIP,CSK,KXIP,23
Mandeep Singh,KXIP,CSK,KXIP,23
Mohammed Shami,KXIP,CSK,KXIP,24
N Pooran,KXIP,CSK,KXIP,39
PP Chawla,KXIP,CSK,CSK,29
RA Jadeja,KXIP,CSK,CSK,32
Ravi Bishnoi,KXIP,CSK,KXIP,29
S Curran,KXIP,CSK,CSK,30
SN Khan,KXIP,CSK,KXIP,23
SN Thakur,KXIP,CSK,CSK,24
SR Watson,KXIP,CSK,CSK,53
A Zampa,RCB,RR,RCB,39
AB de Villiers,RCB,RR,RCB,44
AJ Finch,RCB,RR,RCB,31
D Padikkal,RCB,RR,RCB,26
I Udana,RCB,RR,RCB,20
J Archer,RCB,RR,RR,36
JC Buttler,RCB,RR,RR,41
JD Unadkat,RCB,RR,RR,30
M Lomror,RCB,RR,RR,19
N Saini,RCB,RR,RCB,26
R Parag,RCB,RR,RR,35
R Tewatia,RCB,RR,RR,26
RV Uthappa,RCB,RR,RR,32
S Dube,RCB,RR,RCB,14
S Gopal,RCB,RR,RR,34
SPD Smith,RCB,RR,RR,35
SV Samson,RCB,RR,RR,33
T Curran,RCB,RR,RR,26
V Kohli,RCB,RR,RCB,41
Washington Sundar,RCB,RR,RCB,23
YS Chahal,RCB,RR,RCB,28
A Mishra,DC,KKR,DC,28
AD Russell,DC,KKR,KKR,53
AR Patel,DC,KKR,DC,30
Anrich Nortje,DC,KKR,DC,13
CV Varun,DC,KKR,KKR,32
EJG Morgan,DC,KKR,KKR,29
HV Patel,DC,KKR,DC,28
K Rabada,DC,KKR,DC,24
KD Karthik,DC,KKR,KKR,29
KL Nagarkoti,DC,KKR,KKR,30
MP Stoinis,DC,KKR,DC,33
N Rana,DC,KKR,KKR,38
P Shaw,DC,KKR,DC,24
PJ Cummins,DC,KKR,KKR,28
R Ashwin,DC,KKR,DC,22
RA Tripathi,DC,KKR,KKR,28
RR Pant,DC,KKR,DC,37
S Dhawan,DC,KKR,DC,34
S Hetmyer,DC,KKR,DC,30
SP Narine,DC,KKR,KKR,38
SS Iyer,DC,KKR,DC,35
Shivam Mavi,DC,KKR,KKR,33
Shubman Gill,DC,KKR,KKR,33
AT Rayudu,CSK,SRH,CSK,28
Abdul Samad,CSK,SRH,SRH,15
Abhishek Sharma,CSK,SRH,SRH,15
DA Warner,CSK,SRH,SRH,48
DJ Bravo,CSK,SRH,CSK,43
DL Chahar,CSK,SRH,CSK,21
F du Plessis,CSK,SRH,CSK,31
J Bairstow,CSK,SRH,SRH,34
K Ahmed,CSK,SRH,SRH,31
KM Jadhav,CSK,SRH,CSK,18
KS Williamson,CSK,SRH,SRH,39
MK Pandey,CSK,SRH,SRH,28
MS Dhoni,CSK,SRH,CSK,31
P Kumar,CSK,SRH,SRH,22
PP Chawla,CSK,SRH,CSK,26
Priyam Garg,CSK,SRH,SRH,17
RA Jadeja,CSK,SRH,CSK,30
Rashid Khan,CSK,SRH,SRH,28
S Curran,CSK,SRH,CSK,27
SN Thakur,CSK,SRH,CSK,22
SR Watson,CSK,SRH,CSK,50
T Natarajan,CSK,SRH,SRH,24
AS Yadav,MI,KXIP,MI,26
Arshdeep Singh,MI,KXIP,KXIP,35
CH Gayle,MI,KXIP,KXIP,55
CJ Jordan,MI,KXIP,KXIP,27
DJ Hooda,MI,KXIP,KXIP,15
GJ Maxwell,MI,KXIP,KXIP,36
HH Pandya,MI,KXIP,MI,36
Ishan Kishan,MI,KXIP,MI,31
JJ Bumrah,MI,KXIP,MI,30
KA Pollard,MI,KXIP,MI,37
KD Karthik,MI,KXIP,KKR,31
KH Pandya,MI,KXIP,MI,28
KL Rahul,MI,KXIP,KXIP,46
M Ashwin,MI,KXIP,KXIP,16
MA Agarwal,MI,KXIP,KXIP,25
Mohammed Shami,MI,KXIP,KXIP,26
N Pooran,MI,KXIP,KXIP,40
NM Coulter-Nile,MI,KXIP,MI,37
Q de Kock,MI,KXIP,MI,40
RD Chahar,MI,KXIP,MI,29
RG Sharma,MI,KXIP,MI,40
Ravi Bishnoi,MI,KXIP,KXIP,31
SA Yadav,MI,KXIP,MI,16
TA Boult,MI,KXIP,MI,26
AS Rajpoot,RR,SRH,RR,27
BA Stokes,RR,SRH,RR,36
DA Warner,RR,SRH,SRH,50
J Archer,RR,SRH,RR,36
J Bairstow,RR,SRH,SRH,36
JC Buttler,RR,SRH,RR,40
JO Holder,RR,SRH,SRH,30
Kartik Tyagi,RR,SRH,RR,33
MK Pandey,RR,SRH,SRH,30
R Parag,RR,SRH,RR,35
R Tewatia,RR,SRH,RR,26
RV Uthappa,RR,SRH,RR,32
Rashid Khan,RR,SRH,SRH,30
S Gopal,RR,SRH,RR,34
S Nadeem,RR,SRH,SRH,21
SPD Smith,RR,SRH,RR,35
SV Samson,RR,SRH,RR,32
Sandeep Sharma,RR,SRH,SRH,33
T Natarajan,RR,SRH,SRH,26
V Shankar,RR,SRH,SRH,27
AB de Villiers,RCB,DC,RCB,45
AJ Finch,RCB,DC,RCB,31
AR Patel,RCB,DC,DC,32
Anrich Nortje,RCB,DC,DC,15
D Padikkal,RCB,DC,RCB,26
HV Patel,RCB,DC,DC,30
I Udana,RCB,DC,RCB,20
K Rabada,RCB,DC,DC,26
M Ali,RCB,DC,RCB,27
MP Stoinis,RCB,DC,DC,35
Mohammed Siraj,RCB,DC,RCB,25
N Saini,RCB,DC,RCB,27
P Shaw,RCB,DC,DC,25
R Ashwin,RCB,DC,DC,24
RR Pant,RCB,DC,DC,39
S Dhawan,RCB,DC,DC,36
S Dube,RCB,DC,RCB,15
S Hetmyer,RCB,DC,DC,32
SS Iyer,RCB,DC,DC,37
V Kohli,RCB,DC,RCB,42
Washington Sundar,RCB,DC,RCB,24
YS Chahal,RCB,DC,RCB,29
Arshdeep Singh,KKR,KXIP,KXIP,35
CH Gayle,KKR,KXIP,KXIP,55
CJ Jordan,KKR,KXIP,KXIP,27
CV Varun,KKR,KXIP,KKR,35
EJG Morgan,KKR,KXIP,KKR,32
GJ Maxwell,KKR,KXIP,KXIP,36
KD Karthik,KKR,KXIP,KKR,31
KL Nagarkoti,KKR,KXIP,KKR,32
KL Rahul,KKR,KXIP,KXIP,46
L Ferguson,KKR,KXIP,KKR,27
M Ashwin,KKR,KXIP,KXIP,15
Mandeep Singh,KKR,KXIP,KXIP,24
Mohammed Shami,KKR,KXIP,KXIP,26
N Pooran,KKR,KXIP,KXIP,40
PJ Cummins,KKR,KXIP,KKR,30
Prasidh Krishna,KKR,KXIP,KKR,20
RA Tripathi,KKR,KXIP,KKR,31
Ravi Bishnoi,KKR,KXIP,KXIP,30
SP Narine,KKR,KXIP,KKR,41
Shubman Gill,KKR,KXIP,KKR,35
AT Rayudu,CSK,MI,CSK,29
DL Chahar,CSK,MI,CSK,21
F du Plessis,CSK,MI,CSK,31
Hazlewood,CSK,MI,CSK,23
Imran Tahir,CSK,MI,CSK,33
Ishan Kishan,CSK,MI,MI,27
JJ Bumrah,CSK,MI,MI,27
KA Pollard,CSK,MI,MI,34
MK Pandey,CSK,MI,SRH,28
MS Dhoni,CSK,MI,CSK,32
NM Coulter-Nile,CSK,MI,MI,33
Q de Kock,CSK,MI,MI,37
RA Jadeja,CSK,MI,CSK,30
RD Chahar,CSK,MI,MI,25
RD Gaikwad,CSK,MI,CSK,28
S Curran,CSK,MI,CSK,28
SN Thakur,CSK,MI,CSK,22
TA Boult,CSK,MI,MI,22
AB de Villiers,RR,RCB,RCB,45
AJ Finch,RR,RCB,RCB,32
BA Stokes,RR,RCB,RR,37
CH Morris,RR,RCB,RCB,35
D Padikkal,RR,RCB,RCB,27
Gurkeerat Singh,RR,RCB,RCB,18
I Udana,RR,RCB,RCB,21
J Archer,RR,RCB,RR,37
JC Buttler,RR,RCB,RR,42
JD Unadkat,RR,RCB,RR,31
Kartik Tyagi,RR,RCB,RR,35
N Saini,RR,RCB,RCB,27
R Tewatia,RR,RCB,RR,27
RV Uthappa,RR,RCB,RR,33
S Gopal,RR,RCB,RR,35
SPD Smith,RR,RCB,RR,36
SV Samson,RR,RCB,RR,34
Shahbaz Ahmed ,RR,RCB,RCB,33
V Kohli,RR,RCB,RCB,42
Washington Sundar,RR,RCB,RCB,24
YS Chahal,RR,RCB,RCB,29
AD Russell,KXIP,KKR,KKR,54
Arshdeep Singh,KXIP,KKR,KXIP,33
CJ Jordan,KXIP,KKR,KXIP,26
CV Varun,KXIP,KKR,KKR,33
EJG Morgan,KXIP,KKR,KKR,30
GJ Maxwell,KXIP,KKR,KXIP,34
KD Karthik,KXIP,KKR,KKR,30
KL Nagarkoti,KXIP,KKR,KKR,31
KL Rahul,KXIP,KKR,KXIP,45
M Ur Rahman,KXIP,KKR,KXIP,16
MA Agarwal,KXIP,KKR,KXIP,23
Mohammed Shami,KXIP,KKR,KXIP,24
N Pooran,KXIP,KKR,KXIP,39
N Rana,KXIP,KKR,KKR,39
PJ Cummins,KXIP,KKR,KKR,29
Prabhsimran Singh,KXIP,KKR,KXIP,18
Prasidh Krishna ,KXIP,KKR,KKR,19
RA Tripathi,KXIP,KKR,KKR,29
Ravi Bishnoi,KXIP,KKR,KXIP,29
SP Narine,KXIP,KKR,KKR,39
Shubman Gill,KXIP,KKR,KKR,34
AM Rahane,SRH,DC,DC,35
Anrich Nortje,SRH,DC,DC,15
DA Warner,SRH,DC,SRH,52
Deshpande,SRH,DC,DC,28
HV Patel,SRH,DC,DC,31
JO Holder,SRH,DC,SRH,31
K Rabada,SRH,DC,DC,27
KS Williamson,SRH,DC,SRH,43
MK Pandey,SRH,DC,SRH,32
MP Stoinis,SRH,DC,DC,36
R Ashwin,SRH,DC,DC,24
RR Pant,SRH,DC,DC,40
Rashid Khan,SRH,DC,SRH,31
S Hetmyer,SRH,DC,DC,32
S Nadeem,SRH,DC,SRH,22
SS Iyer,SRH,DC,DC,38
Sandeep Sharma,SRH,DC,SRH,35
T Natarajan,SRH,DC,SRH,28
V Shankar,SRH,DC,SRH,28
WP Saha,SRH,DC,SRH,27
AB de Villiers,CSK,RCB,RCB,43
AJ Finch,CSK,RCB,RCB,30
AT Rayudu,CSK,RCB,CSK,29
CH Morris,CSK,RCB,RCB,32
D Padikkal,CSK,RCB,RCB,25
DJ Bravo,CSK,RCB,CSK,44
DL Chahar,CSK,RCB,CSK,22
F du Plessis,CSK,RCB,CSK,32
I Udana,CSK,RCB,RCB,19
Jagadeesan,CSK,RCB,CSK,32
KV Sharma,CSK,RCB,CSK,25
MS Dhoni,CSK,RCB,CSK,33
N Saini,CSK,RCB,RCB,25
RA Jadeja,CSK,RCB,CSK,31
S Curran,CSK,RCB,CSK,29
S Dube,CSK,RCB,RCB,13
SN Thakur,CSK,RCB,CSK,23
SR Watson,CSK,RCB,CSK,52
V Kohli,CSK,RCB,RCB,40
Washington Sundar,CSK,RCB,RCB,22
YS Chahal,CSK,RCB,RCB,27
AD Russell,MI,KKR,KKR,53
AS Yadav,MI,KKR,MI,23
CJ Green,MI,KKR,KKR,33
CV Varun,MI,KKR,KKR,32
EJG Morgan,MI,KKR,KKR,29
HH Pandya,MI,KKR,MI,33
JJ Bumrah,MI,KKR,MI,27
KD Karthik,MI,KKR,KKR,28
MEK Hussey,MI,KKR,KKR,44
N Rana,MI,KKR,KKR,38
NM Coulter-Nile,MI,KKR,MI,34
PJ Cummins,MI,KKR,KKR,27
Prasidh Krishna,MI,KKR,KKR,17
Q de Kock,MI,KKR,MI,37
RA Tripathi,MI,KKR,KKR,28
RD Chahar,MI,KKR,MI,26
RG Sharma,MI,KKR,MI,37
Shivam Mavi,MI,KKR,KKR,32
Shubman Gill,MI,KKR,KKR,32
TA Boult,MI,KKR,MI,22
AS Rajpoot,RR,KXIP,RR,30
Cottrell,RR,KXIP,KXIP,35
GJ Maxwell,RR,KXIP,KXIP,37
J Archer,RR,KXIP,RR,38
JC Buttler,RR,KXIP,RR,43
JD Unadkat,RR,KXIP,RR,32
JDS Neesham,RR,KXIP,KXIP,31
KL Rahul,RR,KXIP,KXIP,47
M Ashwin,RR,KXIP,KXIP,16
MA Agarwal,RR,KXIP,KXIP,26
Mohammed Shami,RR,KXIP,KXIP,27
N Pooran,RR,KXIP,KXIP,41
R Parag,RR,KXIP,RR,37
R Tewatia,RR,KXIP,RR,29
RV Uthappa,RR,KXIP,RR,34
Ravi Bishnoi,RR,KXIP,KXIP,31
S Gopal,RR,KXIP,RR,37
SPD Smith,RR,KXIP,RR,38
SV Samson,RR,KXIP,RR,35
T Curran,RR,KXIP,RR,29
AT Rayudu,SRH,CSK,CSK,30
DA Warner,SRH,CSK,SRH,50
DJ Bravo,SRH,CSK,CSK,44
DL Chahar,SRH,CSK,CSK,23
J Bairstow,SRH,CSK,SRH,35
K Ahmed,SRH,CSK,SRH,32
KS Williamson,SRH,CSK,SRH,41
KV Sharma,SRH,CSK,CSK,25
MK Pandey,SRH,CSK,SRH,30
MS Dhoni,SRH,CSK,CSK,33
PP Chawla,SRH,CSK,CSK,28
Priyam Garg,SRH,CSK,SRH,19
RA Jadeja,SRH,CSK,CSK,31
Rashid Khan,SRH,CSK,SRH,30
S Curran,SRH,CSK,CSK,29
S Nadeem,SRH,CSK,SRH,20
SN Thakur,SRH,CSK,CSK,23
SR Watson,SRH,CSK,CSK,52
Sandeep Sharma,SRH,CSK,SRH,33
T Natarajan,SRH,CSK,SRH,26
V Shankar,SRH,CSK,SRH,26
AM Rahane,MI,DC,DC,35
AR Patel,MI,DC,DC,32
AS Yadav,MI,DC,MI,26
Anrich Nortje,MI,DC,DC,14
Carey,MI,DC,DC,31
HH Pandya,MI,DC,MI,35
HV Patel,MI,DC,DC,30
Ishan Kishan,MI,DC,MI,30
JJ Bumrah,MI,DC,MI,29
JL Pattinson,MI,DC,MI,28
K Rabada,MI,DC,DC,26
KA Pollard,MI,DC,MI,36
KH Pandya,MI,DC,MI,29
MP Stoinis,MI,DC,DC,35
P Shaw,MI,DC,DC,25
Q de Kock,MI,DC,MI,39
R Ashwin,MI,DC,DC,24
RD Chahar,MI,DC,MI,28
RG Sharma,MI,DC,MI,40
S Dhawan,MI,DC,DC,36
SS Iyer,MI,DC,DC,37
TA Boult,MI,DC,MI,25
AD Russell,KKR,RR,KKR,54
BA Stokes,KKR,RR,RR,36
CV Varun,KKR,RR,KKR,33
EJG Morgan,KKR,RR,KKR,30
J Archer,KKR,RR,RR,36
JC Buttler,KKR,RR,RR,40
KL Nagarkoti,KKR,RR,KKR,31
Kartik Tyagi,KKR,RR,RR,34
PJ Cummins,KKR,RR,KKR,29
R Parag,KKR,RR,RR,35
R Tewatia,KKR,RR,RR,26
RA Tripathi,KKR,RR,KKR,29
RV Uthappa,KKR,RR,RR,32
S Gopal,KKR,RR,RR,34
SP Narine,KKR,RR,KKR,39
SPD Smith,KKR,RR,RR,35
SV Samson,KKR,RR,RR,33
Shivam Mavi,KKR,RR,KKR,34
Shubman Gill,KKR,RR,KKR,34
VR Aaron,KKR,RR,RR,27
AB de Villiers,RCB,KXIP,RCB,46
AJ Finch,RCB,KXIP,RCB,32
Arshdeep Singh,RCB,KXIP,KXIP,35
CH Gayle,RCB,KXIP,KXIP,56
CH Morris,RCB,KXIP,RCB,35
CJ Jordan,RCB,KXIP,KXIP,27
D Padikkal,RCB,KXIP,RCB,27
GJ Maxwell,RCB,KXIP,KXIP,36
I Udana,RCB,KXIP,RCB,21
KL Rahul,RCB,KXIP,KXIP,47
M Ashwin,RCB,KXIP,KXIP,16
MA Agarwal,RCB,KXIP,KXIP,25
Mohammed Shami,RCB,KXIP,KXIP,26
Mohammed Siraj,RCB,KXIP,RCB,26
N Pooran,RCB,KXIP,KXIP,40
N Saini,RCB,KXIP,RCB,28
Ravi Bishnoi,RCB,KXIP,KXIP,31
S Dube,RCB,KXIP,RCB,16
V Kohli,RCB,KXIP,RCB,43
Washington Sundar,RCB,KXIP,RCB,25
YS Chahal,RCB,KXIP,RCB,29
A Mishra,DC,SRH,DC,29
AR Patel,DC,SRH,DC,30
Abdul Samad,DC,SRH,SRH,17
Abhishek Sharma,DC,SRH,SRH,17
Ankit Sharma,DC,SRH,DC,13
Anrich Nortje,DC,SRH,DC,13
DA Warner,DC,SRH,SRH,50
J Bairstow,DC,SRH,SRH,35
K Ahmed,DC,SRH,SRH,32
K Rabada,DC,SRH,DC,25
KS Williamson,DC,SRH,SRH,41
MK Pandey,DC,SRH,SRH,30
MP Stoinis,DC,SRH,DC,34
P Kumar,DC,SRH,SRH,24
P Shaw,DC,SRH,DC,24
RR Pant,DC,SRH,DC,38
Rashid Khan,DC,SRH,SRH,30
S Dhawan,DC,SRH,DC,35
S Hetmyer,DC,SRH,DC,30
SS Iyer,DC,SRH,DC,36
T Natarajan,DC,SRH,SRH,26
AS Rajpoot,CSK,RR,RR,26
AT Rayudu,CSK,RR,CSK,29
BA Stokes,CSK,RR,RR,35
DL Chahar,CSK,RR,CSK,22
F du Plessis,CSK,RR,CSK,32
Hazlewood,CSK,RR,CSK,23
J Archer,CSK,RR,RR,35
JC Buttler,CSK,RR,RR,39
KM Jadhav,CSK,RR,CSK,19
Kartik Tyagi,CSK,RR,RR,32
MS Dhoni,CSK,RR,CSK,32
PP Chawla,CSK,RR,CSK,27
R Tewatia,CSK,RR,RR,25
RA Jadeja,CSK,RR,CSK,31
RV Uthappa,CSK,RR,RR,31
S Curran,CSK,RR,CSK,28
S Gopal,CSK,RR,RR,33
SN Thakur,CSK,RR,CSK,23
SPD Smith,CSK,RR,RR,34
SR Watson,CSK,RR,CSK,51
SV Samson,CSK,RR,RR,31
AB de Villiers,SRH,RCB,RCB,45
AJ Finch,SRH,RCB,RCB,31
Abhishek Sharma,SRH,RCB,SRH,18
D Padikkal,SRH,RCB,RCB,26
DA Warner,SRH,RCB,SRH,51
DW Steyn,SRH,RCB,RCB,29
J Bairstow,SRH,RCB,SRH,37
MK Pandey,SRH,RCB,SRH,31
MR Marsh,SRH,RCB,SRH,39
N Saini,SRH,RCB,RCB,27
P Kumar,SRH,RCB,SRH,25
Philippe,SRH,RCB,RCB,18
Priyam Garg,SRH,RCB,SRH,20
Rashid Khan,SRH,RCB,SRH,31
S Dube,SRH,RCB,RCB,15
Sandeep Sharma,SRH,RCB,SRH,34
T Natarajan,SRH,RCB,SRH,27
UT Yadav,SRH,RCB,RCB,28
V Kohli,SRH,RCB,RCB,42
V Shankar,SRH,RCB,SRH,28
Washington Sundar,SRH,RCB,RCB,24
YS Chahal,SRH,RCB,RCB,28
Anrich Nortje,DC,MI,DC,14
HV Patel,DC,MI,DC,29
Ishan Kishan,DC,MI,MI,29
JJ Bumrah,DC,MI,MI,28
K Rabada,DC,MI,DC,25
KH Pandya,DC,MI,MI,25
MJ Guptill,DC,MI,DC,21
MP Stoinis,DC,MI,DC,34
NM Coulter-Nile,DC,MI,MI,35
P Shaw,DC,MI,DC,24
Praveen Dubey,DC,MI,DC,15
Q de Kock,DC,MI,MI,38
R Ashwin,DC,MI,DC,23
RD Chahar,DC,MI,MI,27
RR Pant,DC,MI,DC,38
S Dhawan,DC,MI,DC,35
S Hetmyer,DC,MI,DC,31
SA Yadav,DC,MI,MI,14
SS Iyer,DC,MI,DC,36
TA Boult,DC,MI,MI,24
AT Rayudu,CSK,KKR,CSK,28
CV Varun,CSK,KKR,KKR,31
DL Chahar,CSK,KKR,CSK,20
EJG Morgan,CSK,KKR,KKR,28
KD Karthik,CSK,KKR,KKR,27
KL Nagarkoti,CSK,KKR,KKR,28
KV Sharma,CSK,KKR,CSK,23
L Ferguson,CSK,KKR,KKR,22
L Ngidi,CSK,KKR,CSK,23
M Santner,CSK,KKR,CSK,14
MS Dhoni,CSK,KKR,CSK,31
N Rana,CSK,KKR,KKR,37
PJ Cummins,CSK,KKR,KKR,26
R Singh,CSK,KKR,CSK,24
RA Jadeja,CSK,KKR,CSK,29
RA Tripathi,CSK,KKR,KKR,26
RD Gaikwad,CSK,KKR,CSK,27
S Curran,CSK,KKR,CSK,27
SP Narine,CSK,KKR,KKR,36
SR Watson,CSK,KKR,CSK,50
Shubman Gill,CSK,KKR,KKR,31
Arshdeep Singh,KXIP,RR,KXIP,34
BA Stokes,KXIP,RR,RR,38
CH Gayle,KXIP,RR,KXIP,55
CJ Jordan,KXIP,RR,KXIP,27
DJ Hooda,KXIP,RR,KXIP,15
GJ Maxwell,KXIP,RR,KXIP,36
J Archer,KXIP,RR,RR,38
JC Buttler,KXIP,RR,RR,42
KL Rahul,KXIP,RR,KXIP,46
Kartik Tyagi,KXIP,RR,RR,35
M Ashwin,KXIP,RR,KXIP,15
Mohammed Shami,KXIP,RR,KXIP,26
N Pooran,KXIP,RR,KXIP,40
R Tewatia,KXIP,RR,RR,28
RV Uthappa,KXIP,RR,RR,33
Ravi Bishnoi,KXIP,RR,KXIP,30
S Gopal,KXIP,RR,RR,36
SPD Smith,KXIP,RR,RR,37
SV Samson,KXIP,RR,RR,34
VR Aaron,KXIP,RR,RR,29
AS Yadav,MI,SRH,MI,24
Abdul Samad,MI,SRH,SRH,16
Abhishek Sharma,MI,SRH,SRH,16
DA Warner,MI,SRH,SRH,50
HH Pandya,MI,SRH,MI,33
Ishan Kishan,MI,SRH,MI,28
J Bairstow,MI,SRH,SRH,35
JJ Bumrah,MI,SRH,MI,27
JL Pattinson,MI,SRH,MI,26
KA Pollard,MI,SRH,MI,35
KH Pandya,MI,SRH,MI,30
KS Williamson,MI,SRH,SRH,41
MK Pandey,MI,SRH,SRH,29
Priyam Garg,MI,SRH,SRH,18
Q de Kock,MI,SRH,MI,37
RD Chahar,MI,SRH,MI,26
RG Sharma,MI,SRH,MI,38
Rashid Khan,MI,SRH,SRH,29
S Kaul,MI,SRH,SRH,24
Sandeep Sharma,MI,SRH,SRH,33
T Natarajan,MI,SRH,SRH,25
TA Boult,MI,SRH,MI,23
A Mishra,CSK,DC,DC,29
AR Patel,CSK,DC,DC,30
Anrich Nortje,CSK,DC,DC,13
Avesh Khan,CSK,DC,DC,30
DL Chahar,CSK,DC,CSK,23
F du Plessis,CSK,DC,CSK,32
Hazlewood,CSK,DC,CSK,24
K Rabada,CSK,DC,DC,25
KM Jadhav,CSK,DC,CSK,19
M Vijay,CSK,DC,CSK,30
MP Stoinis,CSK,DC,DC,34
MS Dhoni,CSK,DC,CSK,33
P Shaw,CSK,DC,DC,24
PP Chawla,CSK,DC,CSK,28
RA Jadeja,CSK,DC,CSK,31
RD Gaikwad,CSK,DC,CSK,30
RR Pant,CSK,DC,DC,38
S Curran,CSK,DC,CSK,29
S Dhawan,CSK,DC,DC,35
SR Watson,CSK,DC,CSK,52
SS Iyer,CSK,DC,DC,36
AB de Villiers,RCB,KKR,RCB,43
AD Russell,RCB,KKR,KKR,53
AJ Finch,RCB,KKR,RCB,29
CH Morris,RCB,KKR,RCB,32
CV Varun,RCB,KKR,KKR,32
D Padikkal,RCB,KKR,RCB,24
EJG Morgan,RCB,KKR,KKR,29
I Udana,RCB,KKR,RCB,18
KD Karthik,RCB,KKR,KKR,28
KL Nagarkoti,RCB,KKR,KKR,29
Mohammed Siraj,RCB,KKR,RCB,23
N Rana,RCB,KKR,KKR,38
N Saini,RCB,KKR,RCB,25
PJ Cummins,RCB,KKR,KKR,27
Prasidh Krishna,RCB,KKR,KKR,17
Prasidh Krishna ,RCB,KKR,KKR,17
RA Tripathi,RCB,KKR,KKR,28
Shubman Gill,RCB,KKR,KKR,32
T Banton,RCB,KKR,KKR,24
V Kohli,RCB,KKR,RCB,39
Washington Sundar,RCB,KKR,RCB,22
YS Chahal,RCB,KKR,RCB,26
AS Rajpoot,RR,MI,RR,28
AS Yadav,RR,MI,MI,25
BA Stokes,RR,MI,RR,36
HH Pandya,RR,MI,MI,35
Ishan Kishan,RR,MI,MI,29
J Archer,RR,MI,RR,36
JJ Bumrah,RR,MI,MI,29
JL Pattinson,RR,MI,MI,27
KA Pollard,RR,MI,MI,36
KH Pandya,RR,MI,MI,27
Kartik Tyagi,RR,MI,RR,34
Q de Kock,RR,MI,MI,39
R Tewatia,RR,MI,RR,26
RD Chahar,RR,MI,MI,27
RV Uthappa,RR,MI,RR,32
S Gopal,RR,MI,RR,35
SPD Smith,RR,MI,RR,35
SS Tiwary,RR,MI,MI,25
SV Samson,RR,MI,RR,33
TA Boult,RR,MI,MI,24
Abdul Samad,SRH,KXIP,SRH,19
Abhishek Sharma,SRH,KXIP,SRH,19
Arshdeep Singh,SRH,KXIP,KXIP,35
Arshdeep Singh ,SRH,KXIP,SRH,36
Cottrell,SRH,KXIP,KXIP,35
DA Warner,SRH,KXIP,SRH,53
GJ Maxwell,SRH,KXIP,KXIP,36
J Bairstow,SRH,KXIP,SRH,38
K Ahmed,SRH,KXIP,SRH,35
KL Rahul,SRH,KXIP,KXIP,47
KS Williamson,SRH,KXIP,SRH,44
M Ur Rahman ,SRH,KXIP,SRH,19
MA Agarwal,SRH,KXIP,KXIP,25
MK Pandey,SRH,KXIP,SRH,33
Mandeep Singh,SRH,KXIP,KXIP,25
Mohammed Shami,SRH,KXIP,KXIP,26
Mujeeb Ur Rahman,SRH,KXIP,SRH,29
N Pooran,SRH,KXIP,KXIP,41
Priyam Garg,SRH,KXIP,SRH,21
Rashid Khan,SRH,KXIP,SRH,32
Ravi Bishnoi,SRH,KXIP,KXIP,31
Sandeep Sharma,SRH,KXIP,SRH,36
Simran Singh,SRH,KXIP,SRH,37
T Natarajan,SRH,KXIP,SRH,28
AM Rahane,DC,RR,DC,34
Anrich Nortje,DC,RR,DC,14
BA Stokes,DC,RR,RR,37
Carey,DC,RR,DC,31
Deshpande,DC,RR,DC,27
HV Patel,DC,RR,DC,30
J Archer,DC,RR,RR,36
JC Buttler,DC,RR,RR,41
JD Unadkat,DC,RR,RR,30
K Rabada,DC,RR,DC,26
Kartik Tyagi,DC,RR,RR,34
MP Stoinis,DC,RR,DC,35
P Shaw,DC,RR,DC,25
R Ashwin,DC,RR,DC,24
R Parag,DC,RR,RR,35
R Tewatia,DC,RR,RR,27
RV Uthappa,DC,RR,RR,32
S Dhawan,DC,RR,DC,36
S Gopal,DC,RR,RR,35
SPD Smith,DC,RR,RR,36
SS Iyer,DC,RR,DC,37
SV Samson,DC,RR,RR,33
AB de Villiers,RCB,CSK,RCB,43
AJ Finch,RCB,CSK,RCB,29
AT Rayudu,RCB,CSK,CSK,29
CH Morris,RCB,CSK,RCB,32
D Padikkal,RCB,CSK,RCB,24
DL Chahar,RCB,CSK,CSK,22
F du Plessis,RCB,CSK,CSK,32
Gurkeerat Singh,RCB,CSK,RCB,16
Imran Tahir,RCB,CSK,CSK,34
M Ali,RCB,CSK,RCB,25
M Santner,RCB,CSK,CSK,16
MS Dhoni,RCB,CSK,CSK,33
Mohammed Siraj,RCB,CSK,RCB,23
Monu ,RCB,CSK,CSK,26
N Saini,RCB,CSK,RCB,25
RA Jadeja,RCB,CSK,CSK,31
RD Gaikwad,RCB,CSK,CSK,29
S Curran,RCB,CSK,CSK,29
V Kohli,RCB,CSK,RCB,40
Washington Sundar,RCB,CSK,RCB,22
YS Chahal,RCB,CSK,RCB,27
AD Russell,KKR,SRH,KKR,53
Abhishek Sharma,KKR,SRH,SRH,16
CV Varun,KKR,SRH,KKR,32
DA Warner,KKR,SRH,SRH,50
EJG Morgan,KKR,SRH,KKR,29
J Bairstow,KKR,SRH,SRH,35
K Ahmed,KKR,SRH,SRH,32
KD Karthik,KKR,SRH,KKR,29
KL Nagarkoti,KKR,SRH,KKR,30
Kuldeep Yadav,KKR,SRH,KKR,23
MK Pandey,KKR,SRH,SRH,29
Mohammad Nabi,KKR,SRH,SRH,24
N Rana,KKR,SRH,KKR,38
P Kumar,KKR,SRH,SRH,23
PJ Cummins,KKR,SRH,KKR,28
Rashid Khan,KKR,SRH,SRH,29
SP Narine,KKR,SRH,KKR,38
Shivam Mavi,KKR,SRH,KKR,33
Shubman Gill,KKR,SRH,KKR,33
T Natarajan,KKR,SRH,SRH,25
WP Saha,KKR,SRH,SRH,24
Arshdeep Singh,KXIP,DC,KXIP,35
CH Gayle,KXIP,DC,KXIP,56
DJ Hooda,KXIP,DC,KXIP,15
Deshpande,KXIP,DC,DC,29
GJ Maxwell,KXIP,DC,KXIP,36
HV Patel,KXIP,DC,DC,32
JDS Neesham,KXIP,DC,KXIP,31
K Rabada,KXIP,DC,DC,28
KL Rahul,KXIP,DC,KXIP,47
M Ashwin,KXIP,DC,KXIP,16
MA Agarwal,KXIP,DC,KXIP,25
MP Stoinis,KXIP,DC,DC,37
Mohammed Shami,KXIP,DC,KXIP,26
N Pooran,KXIP,DC,KXIP,41
P Shaw,KXIP,DC,DC,27
R Ashwin,KXIP,DC,DC,25
RR Pant,KXIP,DC,DC,41
Ravi Bishnoi,KXIP,DC,KXIP,31
S Dhawan,KXIP,DC,DC,38
S Hetmyer,KXIP,DC,DC,33
SS Iyer,KXIP,DC,DC,39
SV Samson,KXIP,DC,RR,35
A Zampa,RCB,MI,RCB,39
AB de Villiers,RCB,MI,RCB,44
AJ Finch,RCB,MI,RCB,30
AS Yadav,RCB,MI,MI,24
D Padikkal,RCB,MI,RCB,25
HH Pandya,RCB,MI,MI,34
I Udana,RCB,MI,RCB,19
Ishan Kishan,RCB,MI,MI,29
JJ Bumrah,RCB,MI,MI,28
JL Pattinson,RCB,MI,MI,27
KA Pollard,RCB,MI,MI,35
MK Pandey,RCB,MI,SRH,30
N Saini,RCB,MI,RCB,25
Q de Kock,RCB,MI,MI,38
RD Chahar,RCB,MI,MI,27
RG Sharma,RCB,MI,MI,38
S Dube,RCB,MI,RCB,14
SD Lad,RCB,MI,MI,28
TA Boult,RCB,MI,MI,23
V Kohli,RCB,MI,RCB,40
Washington Sundar,RCB,MI,RCB,23
YS Chahal,RCB,MI,RCB,27
nan,RCB,MI,MI,26
AM Rahane,DC,MI,DC,34
Anrich Nortje,DC,MI,DC,14
HH Pandya,DC,MI,MI,34
HV Patel,DC,MI,DC,29
Ishan Kishan,DC,MI,MI,29
JJ Bumrah,DC,MI,MI,28
K Rabada,DC,MI,DC,25
KA Pollard,DC,MI,MI,35
KH Pandya,DC,MI,MI,29
MP Stoinis,DC,MI,DC,34
NM Coulter-Nile,DC,MI,MI,35
P Shaw,DC,MI,DC,24
Q de Kock,DC,MI,MI,38
R Ashwin,DC,MI,DC,23
RD Chahar,DC,MI,MI,27
RG Sharma,DC,MI,MI,39
RR Pant,DC,MI,DC,38
S Dhawan,DC,MI,DC,35
SA Yadav,DC,MI,MI,14
SS Iyer,DC,MI,DC,36
SS Tiwary,DC,MI,MI,25
SV Samson,DC,MI,RR,33
TA Boult,DC,MI,MI,24
A Zampa,RCB,SRH,RCB,38
AB de Villiers,RCB,SRH,RCB,43
AJ Finch,RCB,SRH,RCB,30
D Padikkal,RCB,SRH,RCB,25
DA Warner,RCB,SRH,SRH,50
JO Holder,RCB,SRH,SRH,29
KS Williamson,RCB,SRH,SRH,41
M Ali,RCB,SRH,RCB,25
MK Pandey,RCB,SRH,SRH,29
Mohammed Siraj,RCB,SRH,RCB,24
N Saini,RCB,SRH,RCB,25
Priyam Garg,RCB,SRH,SRH,18
Rashid Khan,RCB,SRH,SRH,29
S Dube,RCB,SRH,RCB,13
S Nadeem,RCB,SRH,SRH,20
SP Goswami,RCB,SRH,SRH,18
Sandeep Sharma,RCB,SRH,SRH,33
T Natarajan,RCB,SRH,SRH,25
V Kohli,RCB,SRH,RCB,40
Washington Sundar,RCB,SRH,RCB,22
YS Chahal,RCB,SRH,RCB,27
Abdul Samad,DC,SRH,SRH,17
Anrich Nortje,DC,SRH,DC,13
DA Warner,DC,SRH,SRH,50
HV Patel,DC,SRH,DC,29
JO Holder,DC,SRH,SRH,29
K Rabada,DC,SRH,DC,25
KS Williamson,DC,SRH,SRH,41
MK Pandey,DC,SRH,SRH,30
MP Stoinis,DC,SRH,DC,34
Praveen Dubey,DC,SRH,DC,15
Priyam Garg,DC,SRH,SRH,19
R Ashwin,DC,SRH,DC,23
RR Pant,DC,SRH,DC,38
Rashid Khan,DC,SRH,SRH,30
S Dhawan,DC,SRH,DC,35
S Hetmyer,DC,SRH,DC,30
S Nadeem,DC,SRH,SRH,20
SP Goswami,DC,SRH,SRH,18
SS Iyer,DC,SRH,DC,36
Sandeep Sharma,DC,SRH,SRH,33
T Natarajan,DC,SRH,SRH,26
AJ Finch,DC,MI,RCB,30
AM Rahane,DC,MI,DC,34
Anrich Nortje,DC,MI,DC,14
HH Pandya,DC,MI,MI,34
HV Patel,DC,MI,DC,29
Ishan Kishan,DC,MI,MI,29
JJ Bumrah,DC,MI,MI,28
K Rabada,DC,MI,DC,25
KA Pollard,DC,MI,MI,35
KH Pandya,DC,MI,MI,26
MP Stoinis,DC,MI,DC,34
NM Coulter-Nile,DC,MI,MI,35
Praveen Dubey,DC,MI,DC,15
Q de Kock,DC,MI,MI,38
R Ashwin,DC,MI,DC,23
RG Sharma,DC,MI,MI,39
RR Pant,DC,MI,DC,38
S Dhawan,DC,MI,DC,35
S Hetmyer,DC,MI,DC,31
SA Yadav,DC,MI,MI,14
SS Iyer,DC,MI,DC,36
SS Tiwary,DC,MI,MI,25
TA Boult,DC,MI,MI,24
